db.branchOffices.insert(
[
    {
        "branchOfficesName": "TIGO ANDINO CALLE 85",
        "posCode": "1000510",
        "city": "BOGOTA",
        "region": "CENTRO",
        "blueCircles": [
            {
                "idClircle": "1",
                "nameCircle": "Atencion",
                "type": "Atencion"
            }
        ]
    },
    {
        "branchOfficesName": "TIGO CALLE 140",
        "posCode": "1000479",
        "city": "BOGOTA",
        "region": "CENTRO",
        "blueCircles": [
            {
                "idClircle": "2",
                "nameCircle": "Atencion",
                "type": "Atencion"
            }
        ]
    },
    {
        "branchOfficesName": "TIGO CENTRO BOGOTA",
        "posCode": "1002068",
        "city": "BOGOTA",
        "region": "CENTRO",
        "blueCircles": [
            {
                "idClircle": "3",
                "nameCircle": "Atencion",
                "type": "Atencion"
            }
        ]
    },
    {
        "branchOfficesName": "TIGO CENTRO MAYOR",
        "posCode": "1000511",
        "city": "BOGOTA",
        "region": "CENTRO",
        "blueCircles": [
            {
                "idClircle": "4",
                "nameCircle": "Atencion",
                "type": "Atencion"
            }
        ]
    },
    {
        "branchOfficesName": "TIGO CHAPINERO",
        "posCode": "1000001",
        "city": "BOGOTA",
        "region": "CENTRO"
    },
    {
        "branchOfficesName": "TIGO GRAN ESTACION",
        "posCode": "1000415",
        "city": "BOGOTA",
        "region": "CENTRO"
    },
    {
        "branchOfficesName": "TIGO GRAN ESTACION 2",
        "posCode": "1002029",
        "city": "BOGOTA",
        "region": "CENTRO"
    },
    {
        "branchOfficesName": "TIGO HACIENDA SANTA BARBARA",
        "posCode": "1002063",
        "city": "BOGOTA",
        "region": "CENTRO"
    },
    {
        "branchOfficesName": "TIGO HAYUELOS",
        "posCode": "1002031",
        "city": "BOGOTA",
        "region": "CENTRO"
    },
    {
        "branchOfficesName": "TIGO ISERRA 100",
        "posCode": "1000011",
        "city": "BOGOTA",
        "region": "CENTRO"
    },
    {
        "branchOfficesName": "TIGO PEPE SIERRA",
        "posCode": "1000002",
        "city": "BOGOTA",
        "region": "CENTRO"
    },
    {
        "branchOfficesName": "TIGO PLAZA DE LAS AMERICAS",
        "posCode": "1000013",
        "city": "BOGOTA",
        "region": "CENTRO"
    },
    {
        "branchOfficesName": "TIGO PLAZA IMPERIAL",
        "posCode": "1000009",
        "city": "BOGOTA",
        "region": "CENTRO"
    },
    {
        "branchOfficesName": "TIGO PORTAL 80",
        "posCode": "1000500",
        "city": "BOGOTA",
        "region": "CENTRO"
    },
    {
        "branchOfficesName": "TIGO SANTAFE",
        "posCode": "1000478",
        "city": "BOGOTA",
        "region": "CENTRO"
    },
    {
        "branchOfficesName": "TIGO UNICENTRO",
        "posCode": "1000406",
        "city": "BOGOTA",
        "region": "CENTRO"
    },
    {
        "branchOfficesName": "TIGO CHIA",
        "posCode": "1002069",
        "city": "CHIA",
        "region": "CENTRO"
    },
    {
        "branchOfficesName": "TIGO FLORENCIA",
        "posCode": "1000470",
        "city": "FLORENCIA",
        "region": "CENTRO"
    },
    {
        "branchOfficesName": "TIGO IBAGUE",
        "posCode": "3000032",
        "city": "IBAGUE",
        "region": "CENTRO"
    },
    {
        "branchOfficesName": "TIGO NEIVA",
        "posCode": "3000033",
        "city": "NEIVA",
        "region": "CENTRO"
    },
    {
        "branchOfficesName": "TIGO MERCURIO",
        "posCode": "1002071",
        "city": "SOACHA",
        "region": "CENTRO"
    },
    {
        "branchOfficesName": "TIGO VILLAVICENCIO",
        "posCode": "4000041",
        "city": "VILLAVICENCIO",
        "region": "CENTRO"
    },
    {
        "branchOfficesName": "BUENAVISTA",
        "posCode": "5000517",
        "city": "BARRANQUILLA",
        "region": "COSTA"
    },
    {
        "branchOfficesName": "TIGO CALLE 79",
        "posCode": "5000521",
        "city": "BARRANQUILLA",
        "region": "COSTA"
    },
    {
        "branchOfficesName": "TIGO CALLE 84",
        "posCode": "5000540",
        "city": "BARRANQUILLA",
        "region": "COSTA"
    },
    {
        "branchOfficesName": "TIGO CORDIALIDAD",
        "posCode": "5000525",
        "city": "BARRANQUILLA",
        "region": "COSTA"
    },
    {
        "branchOfficesName": "TIGO CORPORATIVO BARRANQUILLA",
        "posCode": "5000522",
        "city": "BARRANQUILLA",
        "region": "COSTA"
    },
    {
        "branchOfficesName": "TIGO CRA 54",
        "posCode": "5000035",
        "city": "BARRANQUILLA",
        "region": "COSTA"
    },
    {
        "branchOfficesName": "TIGO MURILLO",
        "posCode": "5000036",
        "city": "BARRANQUILLA",
        "region": "COSTA"
    },
    {
        "branchOfficesName": "TIGO PORTAL DEL PRADO",
        "posCode": "5000508",
        "city": "BARRANQUILLA",
        "region": "COSTA"
    },
    {
        "branchOfficesName": "TIGO UNICO BARRANQUILLA",
        "posCode": "5000520",
        "city": "BARRANQUILLA",
        "region": "COSTA"
    },
    {
        "branchOfficesName": "TIGO BOCAGRANDE",
        "posCode": "5000037",
        "city": "CARTAGENA",
        "region": "COSTA"
    },
    {
        "branchOfficesName": "TIGO CARIBE PLAZA",
        "posCode": "5000504",
        "city": "CARTAGENA",
        "region": "COSTA"
    },
    {
        "branchOfficesName": "TIGO CASTELLANA",
        "posCode": "5000435",
        "city": "CARTAGENA",
        "region": "COSTA"
    },
    {
        "branchOfficesName": "TIGO SAN FERNANDO",
        "posCode": "5000524",
        "city": "CARTAGENA",
        "region": "COSTA"
    },
    {
        "branchOfficesName": "TIGO CIENAGA",
        "posCode": "5000449",
        "city": "CIENAGA",
        "region": "COSTA"
    },
    {
        "branchOfficesName": "TIGO MAGANGUE",
        "posCode": "5000448",
        "city": "MAGANGUE",
        "region": "COSTA"
    },
    {
        "branchOfficesName": "TIGO ALAMEDAS",
        "posCode": "5000434",
        "city": "MONTERIA",
        "region": "COSTA"
    },
    {
        "branchOfficesName": "TIGO MONTERIA",
        "posCode": "5000039",
        "city": "MONTERIA",
        "region": "COSTA"
    },
    {
        "branchOfficesName": "TIGO MONTERIA NORTE",
        "posCode": "5000518",
        "city": "MONTERIA",
        "region": "COSTA"
    },
    {
        "branchOfficesName": "TIGO RIOHACHA",
        "posCode": "5000403",
        "city": "RIOHACHA",
        "region": "COSTA"
    },
    {
        "branchOfficesName": "TIGO ARRECIFE",
        "posCode": "5000519",
        "city": "SANTA MARTA",
        "region": "COSTA"
    },
    {
        "branchOfficesName": "TIGO BUENAVISTA SANTA MARTA",
        "posCode": "5000538",
        "city": "SANTA MARTA",
        "region": "COSTA"
    },
    {
        "branchOfficesName": "TIGO OCEAN MALL 2",
        "posCode": "5000532",
        "city": "SANTA MARTA",
        "region": "COSTA"
    },
    {
        "branchOfficesName": "TIGO SANTA MARTA",
        "posCode": "5000038",
        "city": "SANTA MARTA",
        "region": "COSTA"
    },
    {
        "branchOfficesName": "TIGO FORD",
        "posCode": "5000471",
        "city": "SINCELEJO",
        "region": "COSTA"
    },
    {
        "branchOfficesName": "TIGO SOLEDAD",
        "posCode": "5000426",
        "city": "SOLEDAD",
        "region": "COSTA"
    },
    {
        "branchOfficesName": "TIGO MAYALES",
        "posCode": "5000523",
        "city": "VALLEDUPAR",
        "region": "COSTA"
    },
    {
        "branchOfficesName": "TIGO VALLEDUPAR",
        "posCode": "5000040",
        "city": "VALLEDUPAR",
        "region": "COSTA"
    },
    {
        "branchOfficesName": "TIGO APARTADO",
        "posCode": "2000431",
        "city": "APARTADO",
        "region": "NOROCCIDENTE"
    },
    {
        "branchOfficesName": "TIGO ARMENIA",
        "posCode": "2000022",
        "city": "ARMENIA",
        "region": "NOROCCIDENTE"
    },
    {
        "branchOfficesName": "TIGO UNICENTRO ARMENIA",
        "posCode": "2000610",
        "city": "ARMENIA",
        "region": "NOROCCIDENTE"
    },
    {
        "branchOfficesName": "TIGO PUERTA DEL NORTE",
        "posCode": "2000595",
        "city": "BELLO",
        "region": "NOROCCIDENTE"
    },
    {
        "branchOfficesName": "TIGO CARTAGO",
        "posCode": "3000428",
        "city": "CARTAGO",
        "region": "NOROCCIDENTE"
    },
    {
        "branchOfficesName": "TIGO MANIZALES",
        "posCode": "2000021",
        "city": "MANIZALES",
        "region": "NOROCCIDENTE"
    },
    {
        "branchOfficesName": "TIGO MANIZALES EXPRESS",
        "posCode": "2000608",
        "city": "MANIZALES",
        "region": "NOROCCIDENTE"
    },
    {
        "branchOfficesName": "TIGO CENTRO MEDELLIN",
        "posCode": "2000019",
        "city": "MEDELLIN",
        "region": "NOROCCIDENTE"
    },
    {
        "branchOfficesName": "TIGO EL TESORO",
        "posCode": "2000603",
        "city": "MEDELLIN",
        "region": "NOROCCIDENTE"
    },
    {
        "branchOfficesName": "TIGO ENVIGADO",
        "posCode": "2000462",
        "city": "MEDELLIN",
        "region": "NOROCCIDENTE"
    },
    {
        "branchOfficesName": "TIGO FLORIDA",
        "posCode": "2000602",
        "city": "MEDELLIN",
        "region": "NOROCCIDENTE"
    },
    {
        "branchOfficesName": "TIGO LA AMERICA",
        "posCode": "2000594",
        "city": "MEDELLIN",
        "region": "NOROCCIDENTE"
    },
    {
        "branchOfficesName": "TIGO MOLINOS",
        "posCode": "2000430",
        "city": "MEDELLIN",
        "region": "NOROCCIDENTE"
    },
    {
        "branchOfficesName": "TIGO OVIEDO",
        "posCode": "2000018",
        "city": "MEDELLIN",
        "region": "NOROCCIDENTE"
    },
    {
        "branchOfficesName": "TIGO PREMIUM PLAZA",
        "posCode": "2000473",
        "city": "MEDELLIN",
        "region": "NOROCCIDENTE"
    },
    {
        "branchOfficesName": "TIGO SAN DIEGO",
        "posCode": "2000604",
        "city": "MEDELLIN",
        "region": "NOROCCIDENTE"
    },
    {
        "branchOfficesName": "TIGO VIVA LAURELES",
        "posCode": "2000615",
        "city": "MEDELLIN",
        "region": "NOROCCIDENTE"
    },
    {
        "branchOfficesName": "TIGO ARBOLEDA",
        "posCode": "2000616",
        "city": "PEREIRA",
        "region": "NOROCCIDENTE"
    },
    {
        "branchOfficesName": "TIGO PEREIRA",
        "posCode": "2000391",
        "city": "PEREIRA",
        "region": "NOROCCIDENTE"
    },
    {
        "branchOfficesName": "TIGO MAYORCA",
        "posCode": "2000596",
        "city": "SABANETA",
        "region": "NOROCCIDENTE"
    },
    {
        "branchOfficesName": "TIGO SAN ANDRES",
        "posCode": "2000422",
        "city": "SAN ANDRES",
        "region": "NOROCCIDENTE"
    },
    {
        "branchOfficesName": "TIGO BARRANCABERMEJA",
        "posCode": "4000444",
        "city": "BARRANCABERMEJA",
        "region": "ORIENTE"
    },
    {
        "branchOfficesName": "TIGO SAN SILVESTRE",
        "posCode": "1002067",
        "city": "BARRANCABERMEJA",
        "region": "ORIENTE"
    },
    {
        "branchOfficesName": "TIGO CABECERA",
        "posCode": "4000023",
        "city": "BUCARAMANGA",
        "region": "ORIENTE"
    },
    {
        "branchOfficesName": "TIGO CACIQUE",
        "posCode": "1002033",
        "city": "BUCARAMANGA",
        "region": "ORIENTE"
    },
    {
        "branchOfficesName": "TIGO CAÑAVERAL",
        "posCode": "4000024",
        "city": "BUCARAMANGA",
        "region": "ORIENTE"
    },
    {
        "branchOfficesName": "TIGO CENTRO",
        "posCode": "4000506",
        "city": "BUCARAMANGA",
        "region": "ORIENTE"
    },
    {
        "branchOfficesName": "TIGO DE LA CUESTA",
        "posCode": "1002066",
        "city": "BUCARAMANGA",
        "region": "ORIENTE"
    },
    {
        "branchOfficesName": "TIGO MEGAMALL",
        "posCode": "4000464",
        "city": "BUCARAMANGA",
        "region": "ORIENTE"
    },
    {
        "branchOfficesName": "TIGO BUENAVENTURA",
        "posCode": "3000030",
        "city": "BUENAVENTURA",
        "region": "ORIENTE"
    },
    {
        "branchOfficesName": "TIGO CUCUTA",
        "posCode": "4000025",
        "city": "CUCUTA",
        "region": "ORIENTE"
    },
    {
        "branchOfficesName": "TIGO VENTURA",
        "posCode": "1002057",
        "city": "CUCUTA",
        "region": "ORIENTE"
    },
    {
        "branchOfficesName": "TIGO SAN GIL",
        "posCode": "4000498",
        "city": "SAN GIL",
        "region": "ORIENTE"
    },
    {
        "branchOfficesName": "TIGO TUNJA",
        "posCode": "4000042",
        "city": "TUNJA",
        "region": "ORIENTE"
    },
    {
        "branchOfficesName": "TIGO BUGA",
        "posCode": "3000511",
        "city": "BUGA",
        "region": "SUROCCIDENTE"
    },
    {
        "branchOfficesName": "TIGO CALI NORTE",
        "posCode": "3000026",
        "city": "CALI",
        "region": "SUROCCIDENTE"
    },
    {
        "branchOfficesName": "TIGO CENTRO CALI",
        "posCode": "3000029",
        "city": "CALI",
        "region": "SUROCCIDENTE"
    },
    {
        "branchOfficesName": "TIGO PALMETO",
        "posCode": "30000523",
        "city": "CALI",
        "region": "SUROCCIDENTE"
    },
    {
        "branchOfficesName": "TIGO UNICENTRO CALI",
        "posCode": "3000468",
        "city": "CALI",
        "region": "SUROCCIDENTE"
    },
    {
        "branchOfficesName": "TIGO UNICO",
        "posCode": "3000439",
        "city": "CALI",
        "region": "SUROCCIDENTE"
    },
    {
        "branchOfficesName": "TIGO IPIALES",
        "posCode": "3000524",
        "city": "IPIALES",
        "region": "SUROCCIDENTE"
    },
    {
        "branchOfficesName": "TIGO PALMIRA",
        "posCode": "3000465",
        "city": "PALMIRA",
        "region": "SUROCCIDENTE"
    },
    {
        "branchOfficesName": "TIGO PASTO",
        "posCode": "3000034",
        "city": "PASTO",
        "region": "SUROCCIDENTE"
    },
    {
        "branchOfficesName": "TIGO POPAYAN",
        "posCode": "3000031",
        "city": "POPAYAN",
        "region": "SUROCCIDENTE"
    },
    {
        "branchOfficesName": "TIGO TULUA",
        "posCode": "3000438",
        "city": "TULUA",
        "region": "SUROCCIDENTE"
    }
]
)